<?xml version='1.0' encoding='UTF-8'?>
<plugins>
  
  <pyqgis_plugin version="1.0.3" name="Sigpac" plugin_id="9991">
      <description>Carga el Sigpac en el Qgis, con la referencia o con una coordenada</description>
      <about>Permite cargar la parcela o recintos del Sigpac correspondientes a una provincia, poligono y parcela dada, tanto con su código como con un desplegable como con una coordenada</about>
      <version>1.0.3</version>
      <trusted>True</trusted>
      <qgis_minimum_version>3.4.0</qgis_minimum_version>
      <qgis_maximum_version>3.20.0</qgis_maximum_version>
      <homepage>https://github.com/diezrabanos/qgis_plugins/</homepage>
      <file_name>sigpac.1.0.3.zip</file_name>
      <author_name>F. Javier Díez Rábanos</author_name>
      <download_url>https://github.com/diezrabanos/qgis_plugins/blob/master/sigpac.1.0.3.zip?raw=true</download_url>
      <experimental>False</experimental>
      <deprecated>False</deprecated>
    </pyqgis_plugin>
	  <pyqgis_plugin version="1.0.6" name="Silvilidar" plugin_id="9992">
      <description>Permite procesar datos LiDAR de una manera sencilla para obtener </description>
      <about>Se trata de la creación de una metodología y de una herramienta informática (SilviLiDAR), mediante un script, que analiza una serie de parámetros selvícolas obtenidos a partir de los datos LiDAR y, con la utilización de un árbol de decisión construido en base a la estructura, estado de desarrollo y grado de competencia del arbolado, clasifica por celdas (cuadrículas básicas) el territorio por tipos de masa y su posible necesidad de actuación selvícola, y lo expresa cartográficamente a través de QGIS.</about>
      <version>1.0.6</version>
      <trusted>True</trusted>
      <qgis_minimum_version>3.4.0</qgis_minimum_version>
      <qgis_maximum_version>3.20.0</qgis_maximum_version>
      <homepage>https://medioambiente.jcyl.es/web/jcyl/MedioAmbiente/es/Plantilla100Detalle/1246988359553/_/1284711271182/Comunicacion?plantillaObligatoria=PlantillaContenidoNoticiaHome</homepage>
      <file_name>silvilidar.1.0.6.zip</file_name>
      <author_name>Alejandro Crespo Rodrígo, F. Javier Díez Rábanos</author_name>
      <download_url>https://github.com/diezrabanos/qgis_plugins/blob/master/silvilidar.1.0.6.zip?raw=true</download_url>
      <experimental>False</experimental>
      <deprecated>False</deprecated>
    </pyqgis_plugin>
	<pyqgis_plugin version="1.0.3" name="Alidadas" plugin_id="9993">
      <description>Permite hacer el cruce de visuales desde varias torres en QGIS </description>
      <about>Permite hacer el cruce de visuales desde varias torres en QGIS. Puede introducirse varias visuales, crea un punto por cada uno de los cruces y seleciona la que tiene más probabilidad de ser el mejor conforme a una formula matematica</about>
      <version>1.0.3</version>
      <trusted>True</trusted>
      <qgis_minimum_version>3.4.0</qgis_minimum_version>
      <qgis_maximum_version>3.20.0</qgis_maximum_version>
      <homepage>https://github.com/diezrabanos/qgis_plugins/</homepage>
      <file_name>alidadas.1.0.3.zip</file_name>
      <author_name>F. Javier Díez Rábanos</author_name>
      <download_url>https://github.com/diezrabanos/qgis_plugins/blob/master/alidadas.1.0.3.zip?raw=true</download_url>
      <experimental>False</experimental>
      <deprecated>False</deprecated>
    </pyqgis_plugin>
	<pyqgis_plugin version="1.0.4" name="ZoomSigmena" plugin_id="9994">
      <description>Permite hacer zoom a una coorddenada dada  </description>
      <about>Permite hacer zoom a una determinada coordenada introducida en varios sistemas de coordenadas que se pueden seleccionar con un desplegable.Crea una capa temporal con el punto introducido y lo etique cao dicha coordenada.</about>
      <version>1.0.4</version>
      <trusted>True</trusted>
      <qgis_minimum_version>3.4.0</qgis_minimum_version>
      <qgis_maximum_version>3.20.0</qgis_maximum_version>
      <homepage>https://github.com/diezrabanos/qgis_plugins/</homepage>
      <file_name>zoomSigmena.1.0.4.zip</file_name>
      <author_name>F. Javier Díez Rábanos</author_name>
      <download_url>https://github.com/diezrabanos/qgis_plugins/blob/master/zoomSigmena.1.0.4.zip?raw=true</download_url>
      <experimental>False</experimental>
      <deprecated>False</deprecated>
    </pyqgis_plugin>
<pyqgis_plugin version="1.0.7" name="GpsDescargaCarga" plugin_id="9995">
      <description>Descarga o carga los navegadores GPS Garmin de la serie ETREX o XL12</description>
      <about>Descarga o carga los navegadores GPS Garmin de la serie ETREX o XL12. Lo hace en la carpeta C SIGMENA GPS con un nombre que le demos. Una vez descargado lo transforma a Etrs89 huso 30. </about>
      <version>1.0.7</version>
      <trusted>True</trusted>
      <qgis_minimum_version>3.4.0</qgis_minimum_version>
      <qgis_maximum_version>3.20.0</qgis_maximum_version>
      <homepage>https://github.com/diezrabanos/qgis_plugins/</homepage>
      <file_name>gpsDescargaCarga.1.0.7.zip</file_name>
      <author_name>F. Javier Díez Rábanos</author_name>
      <download_url>https://github.com/diezrabanos/qgis_plugins/blob/master/gpsDescargaCarga.1.0.7.zip?raw=true</download_url>
      <experimental>False</experimental>
      <deprecated>False</deprecated>
    </pyqgis_plugin>
<pyqgis_plugin version="1.0.2" name="hectareas" plugin_id="9995">
      <description>Calcula la superficie en hectareas de capa de poligonos e incorpora esta informacion a una columna llamada hecteras</description>
      <about> Calcula la superficie en hectareas de capa de poligonos e incorpora esta informacion a una columna llamada hecteras </about>
      <version>1.0.2</version>
      <trusted>True</trusted>
      <qgis_minimum_version>3.4.0</qgis_minimum_version>
      <qgis_maximum_version>3.20.0</qgis_maximum_version>
      <homepage>https://github.com/diezrabanos/qgis_plugins/</homepage>
      <file_name>hectareas.1.0.2.zip</file_name>
      <author_name>F. Javier Díez Rábanos</author_name>
      <download_url>https://github.com/diezrabanos/qgis_plugins/blob/master/hectareas.1.0.2.zip?raw=true</download_url>
      <experimental>False</experimental>
      <deprecated>False</deprecated>
    </pyqgis_plugin>
<pyqgis_plugin version="1.0.1" name="PuntosSigmena" plugin_id="9996">
      <description>Permite crear un punto en unas coordenadas introduciodas dentro de una capa preexistente y abre el formulario</description>
      <about>Permite crear un punto en unas coordenadas introduciodas dentro de una capa preexistente y abre el formulario</about>
      <version>1.0.2</version>
      <trusted>True</trusted>
      <qgis_minimum_version>3.4.0</qgis_minimum_version>
      <qgis_maximum_version>3.20.0</qgis_maximum_version>
      <homepage>https://github.com/diezrabanos/qgis_plugins/</homepage>
      <file_name>puntossigmena.1.0.2.zip</file_name>
      <author_name>F. Javier Díez Rábanos</author_name>
      <download_url>https://github.com/diezrabanos/qgis_plugins/blob/master/puntossigmena.1.0.2.zip?raw=true</download_url>
      <experimental>False</experimental>
      <deprecated>False</deprecated>
    </pyqgis_plugin>
	<pyqgis_plugin version="1.0.2" name="Ptos2Pol" plugin_id="9997">
      <description>Permite crear un punto en unas coordenadas introduciodas dentro de una capa preexistente y abre el formulario</description>
      <about>Permite crear un punto en unas coordenadas introduciodas dentro de una capa preexistente y abre el formulario</about>
      <version>1.0.2</version>
      <trusted>True</trusted>
      <qgis_minimum_version>3.4.0</qgis_minimum_version>
      <qgis_maximum_version>3.20.0</qgis_maximum_version>
      <homepage>https://github.com/diezrabanos/qgis_plugins/</homepage>
      <file_name>ptos2pol.1.0.2.zip</file_name>
      <author_name>F. Javier Díez Rábanos</author_name>
      <download_url>https://github.com/diezrabanos/qgis_plugins/blob/master/ptos2pol.1.0.2.zip?raw=true</download_url>
      <experimental>False</experimental>
      <deprecated>False</deprecated>
    </pyqgis_plugin>
 </plugins>












